Digital drawings,Moonlight,medinesaan,medinesaan_digital-drawings_moonlight,40,SWAP.HIVE,PHOTO,0,False,2,2020,1,0,QmR5aHaVA7po1u9DNMJ6j5ERYCGjGvadGrvuEMFkvcW6yP,./dataset/image/QmR5aHaVA7po1u9DNMJ6j5ERYCGjGvadGrvuEMFkvcW6yP.png
artistic creativity,artistic creativity,yakubenko,yakubenko_artistic-creativity_artistic-creativity,10,SWAP.HIVE,PHOTO,0,False,3,2021,1,0,QmcuW7E7X8MQPcW24HBafrK7w2GpsfguHGmGsmBDRFWL28,./dataset/image/QmcuW7E7X8MQPcW24HBafrK7w2GpsfguHGmGsmBDRFWL28.png
Psychedelic art,fearless mind,noahfromearth,noahfromearth_psychedelic-art_fearless-mind,10,SWAP.HIVE,PHOTO,0,False,3,2021,1,0,QmbT3GLeJrdyqfHYjsPpRfBTgNdqyEi3JnnCMkHktD3ush,./dataset/image/QmbT3GLeJrdyqfHYjsPpRfBTgNdqyEi3JnnCMkHktD3ush.png
TimeLines,The City Dreams,astrohive,astrohive_timelines_the-city-dreams,100,SWAP.HIVE,PHOTO,1,False,1,2019,1,0,QmTXzSB9ScHP7SWtDeRHiYBFaicGgN5n7jFMzpXbiktZhG,./dataset/image/QmTXzSB9ScHP7SWtDeRHiYBFaicGgN5n7jFMzpXbiktZhG.png
I Thought It Would Be Zombies...,Awakenings,bryan-imhoff,bryan-imhoff_i-thought-it-would-be-zombies_awakenings,30,SWAP.HIVE,PHOTO,2,False,30,2020,1,0,QmPZUrF9qxzjofGDP2XS7a7wgvY3pTU4uayXXLDyUDKzub,./dataset/image/QmPZUrF9qxzjofGDP2XS7a7wgvY3pTU4uayXXLDyUDKzub.png
Sardinian Folklore,Surbile,heartatthack,heartatthack_sardinian-folklore_surbile,40,SWAP.HIVE,PHOTO,2,False,2,2021,1,0,QmUunjW3Bwza9XZUU8pNmKXZptu1AhWpHrZh3CRni3LRFY,./dataset/image/QmUunjW3Bwza9XZUU8pNmKXZptu1AhWpHrZh3CRni3LRFY.png
Inner Thoughts,Correspondance ,julesquirin,julesquirin_inner-thoughts_correspondance,33,SWAP.HIVE,PHOTO,0,False,3,2020,1,0,QmcvZL19Cr7ocNvHGLMSpqhZCZZ3CFb3U8MxJfjknLBzNF,./dataset/image/QmcvZL19Cr7ocNvHGLMSpqhZCZZ3CFb3U8MxJfjknLBzNF.png
New World,Na'vi 2.0,yoslehz,yoslehz_new-world_navi-20,35,SWAP.HIVE,PHOTO,0,False,3,2021,1,0,Qmda5PEeYRmUYoor9a3VMsT58eDrvByrdZnboywp6CXzbW,./dataset/image/Qmda5PEeYRmUYoor9a3VMsT58eDrvByrdZnboywp6CXzbW.png
Landscapes of the spirit,Inner shine,thisnewgirl,thisnewgirl_landscapes-of-the-spirit_inner-shine,128,SWAP.HIVE,PHOTO,0,False,1,2021,3,0,QmSZjDcirSkamAQE9jQq1qDZT1qnqmnBiugLJr9BaXxGr6,./dataset/image/QmSZjDcirSkamAQE9jQq1qDZT1qnqmnBiugLJr9BaXxGr6.png
Digital Illustrations,As free as water,medinesaan,medinesaan_digital-illustrations_as-free-as-water,60,SWAP.HIVE,PHOTO,5,True,5,2020,1,0,QmRXt4jjFRgMraci4a5QPZsoXnhGpFTtxPgaeQ2w7d7fug,./dataset/image/QmRXt4jjFRgMraci4a5QPZsoXnhGpFTtxPgaeQ2w7d7fug.png
Crypto,Crypto.com CRO CRYPTOART NFT 5,vikisecrets,vikisecrets_crypto_cryptocom-cro-cryptoart-nft-5,29,SWAP.HIVE,PHOTO,0,False,5,2021,3,0,QmSCFhCtN8oy4sNavYMffHN6nwSDKxuSQjVsPoBLzpeidL,./dataset/image/QmSCFhCtN8oy4sNavYMffHN6nwSDKxuSQjVsPoBLzpeidL.png
Gems Shards,Gem - Frappé,tymmesyde,tymmesyde_gems-shards_gem-frappe,25,SWAP.HIVE,PHOTO,0,False,3,2020,1,0,QmXxfGTRRVzdsfggQTbMW8HnMmWSKvZM5uhT8RxkTovV3S,./dataset/image/QmXxfGTRRVzdsfggQTbMW8HnMmWSKvZM5uhT8RxkTovV3S.png
Ankara scribble art.,Omo-Oba.,glogurl,glogurl_ankara-scribble-art_omo-oba,329,SWAP.HIVE,PHOTO,1,False,2,2020,1,0,QmaurtfAi45SRBjSwxG4KsmQLQa39tdYgGhbCfpUFJ2qxP,./dataset/image/QmaurtfAi45SRBjSwxG4KsmQLQa39tdYgGhbCfpUFJ2qxP.png
Floating Gardens,Floating Island #4,mproxima,mproxima_floating-gardens_floating-island-4,79,SWAP.HIVE,PHOTO,0,False,1,2021,3,0,Qmbfk9P6YmqVdZjnLSWJKpH35TY2v7FACwSf7NBmiiNxaU,./dataset/image/Qmbfk9P6YmqVdZjnLSWJKpH35TY2v7FACwSf7NBmiiNxaU.png
mini-maxi by vic tor,mini-maxi series part 1,visualcreations,visualcreations_mini-maxi-by-vic-tor_mini-maxi-series-part-1,20,SWAP.HIVE,PHOTO,1,False,10,2017,3,0,Qmcqme5nz5dGJPBcWQQhXAb4X19CXuJnbAHVajnydmckYf,./dataset/image/Qmcqme5nz5dGJPBcWQQhXAb4X19CXuJnbAHVajnydmckYf.png
Alien Honey INC.,"CONFESSIONAL: NFT EXPERIMENT, PLEASE READ",juliakponsford,juliakponsford_alien-honey-inc_confessional-nft-experiment-please-read,300,SWAP.HIVE,PHOTO,1,False,25,2020,1,0,QmSPazbQzv9oCBL3BX9zmmLwYBy2ePEzs4MCK238Rn8gW4,./dataset/image/QmSPazbQzv9oCBL3BX9zmmLwYBy2ePEzs4MCK238Rn8gW4.png
Psychedelic art,tremble,noahfromearth,noahfromearth_psychedelic-art_tremble,16,SWAP.HIVE,PHOTO,0,False,3,2021,1,0,QmYETeV7nW5xsAXnQg966JLAExQeGvadvFvFR2qqoP3VmU,./dataset/image/QmYETeV7nW5xsAXnQg966JLAExQeGvadvFvFR2qqoP3VmU.png
Machiavellian,Senseless,aleister,aleister_machiavellian_senseless,150,SWAP.HIVE,PHOTO,3,False,2,2021,3,0,QmRFFDaev5j9mLa32WHm8dCv2Ej77w28i5zXAzCJGULTnS,./dataset/image/QmRFFDaev5j9mLa32WHm8dCv2Ej77w28i5zXAzCJGULTnS.png
The Puppet Forest,The Puppeteer,ignash,ignash_the-puppet-forest_the-puppeteer,300,SWAP.HIVE,PHOTO,4,False,1,2018,1,0,QmcNhZn9bXhAMWoPUeq8kshXFdBjTEr5i1NVGzZigL9Zmf,./dataset/image/QmcNhZn9bXhAMWoPUeq8kshXFdBjTEr5i1NVGzZigL9Zmf.png
Hiding in Plain Sight,Abiogenesis,ancientfroggy,ancientfroggy_hiding-in-plain-sight_abiogenesis,50,SWAP.HIVE,PHOTO,0,False,1,2021,1,0,QmZdDr39p5XXgygjdC6hDqdh518sKBBAwmdiHZSBY73MDS,./dataset/image/QmZdDr39p5XXgygjdC6hDqdh518sKBBAwmdiHZSBY73MDS.png
Pencil Drawings,Chilling with a lion,medinesaan,medinesaan_pencil-drawings_chilling-with-a-lion,75,SWAP.HIVE,PHOTO,4,False,3,2019,1,0,QmYPbYtDN4Dchoi8tK4dQC3NYJGn9SinE1fSn4j89EjLkh,./dataset/image/QmYPbYtDN4Dchoi8tK4dQC3NYJGn9SinE1fSn4j89EjLkh.png
Fantasy landscapes ,Enchanted Winter Forest ,dragonloot,dragonloot_fantasy-landscapes_enchanted-winter-forest,110,SWAP.HIVE,PHOTO,1,False,5,2019,1,0,QmNVpYrGhbwTua8oFGZ7nRrcyKnJ3dGUUeqNyDQJhGPhPZ,./dataset/image/QmNVpYrGhbwTua8oFGZ7nRrcyKnJ3dGUUeqNyDQJhGPhPZ.png
Psychedelic art,magic mushroom,noahfromearth,noahfromearth_psychedelic-art_magic-mushroom,5,SWAP.HIVE,PHOTO,0,False,5,2021,1,0,QmQ3Dm12q9FGUEG4msWXGRZAvWbE2TFCZEa3L5Zf6dYkuz,./dataset/image/QmQ3Dm12q9FGUEG4msWXGRZAvWbE2TFCZEa3L5Zf6dYkuz.png
I Thought It Would Be Zombies...,"Awakenings - Original Art Board""",bryan-imhoff,bryan-imhoff_i-thought-it-would-be-zombies_awakenings-original-art-board,625,SWAP.HIVE,PHOTO,0,False,1,2020,1,0,QmNbr86psK6F8Arc3sg2GGMH7tmpmTmC3yACSTaqVRJzdk,./dataset/image/QmNbr86psK6F8Arc3sg2GGMH7tmpmTmC3yACSTaqVRJzdk.png
Artificial nature,Sands.1,jento.xyz,jento.xyz_artificial-nature_sands1,75,SWAP.HIVE,PHOTO,1,False,2,2021,3,0,QmerkusaVj13Nc4rcAC4KeEXzFKF798CWgWQ2UZ3RBYefU,./dataset/image/QmerkusaVj13Nc4rcAC4KeEXzFKF798CWgWQ2UZ3RBYefU.png
NEW GENESIS,"Enormous Appetite by Richard F. Yates (HF)""",richardfyates,richardfyates_new-genesis_enormous-appetite-by-richard-f-yates-hf,13,SWAP.HIVE,PHOTO,0,False,5,2021,1,0,QmXxjrFn7JirNVCGGv4WnyqAiW7mqNdTgXbDhCAdz8Dzot,./dataset/image/QmXxjrFn7JirNVCGGv4WnyqAiW7mqNdTgXbDhCAdz8Dzot.png
Zoltarians,Event Horizon,isaria,isaria_zoltarians_event-horizon,20,SWAP.HIVE,PHOTO,4,False,5,2021,3,0,QmUE7m86gg9D4fTX3VB7cr19JntrbHP5t2qyWgyqkWPGoA,./dataset/image/QmUE7m86gg9D4fTX3VB7cr19JntrbHP5t2qyWgyqkWPGoA.png
Digital Painting,Stare The Flame,skapaneas,skapaneas_digital-painting_stare-the-flame,40,SWAP.HIVE,PHOTO,1,False,3,2014,1,0,QmXcQnfTGWyqk5A4nJKbGqHvL6aCgMy5HU539deauPR42r,./dataset/image/QmXcQnfTGWyqk5A4nJKbGqHvL6aCgMy5HU539deauPR42r.png
Portraits,Lollipop Girl,eve66,eve66_portraits_lollipop-girl,25,SWAP.HIVE,PHOTO,0,False,2,2021,1,0,QmcBEBaabSbthgfm6V72ABqdJCbYbBbtX7Kdg9EYYXwLjw,./dataset/image/QmcBEBaabSbthgfm6V72ABqdJCbYbBbtX7Kdg9EYYXwLjw.png
Fractal-Saxon Runes,TH Rune,lacking,lacking_fractal-saxon-runes_th-rune,99,SWAP.HIVE,PHOTO,0,False,5,2020,1,0,QmTjJXc5SeWgskDnQwnWKdZn5yTqyLADTd6HRc1XrBNNQK,./dataset/image/QmTjJXc5SeWgskDnQwnWKdZn5yTqyLADTd6HRc1XrBNNQK.png
Illustrations ,Bloody Hands,despero-narciso,despero-narciso_illustrations_bloody-hands,42,SWAP.HIVE,PHOTO,0,False,7,2019,1,0,QmcCKLxjXDrmjxTLCfRy5yEU9AQFUuEqCCgppYYR1bxdFz,./dataset/image/QmcCKLxjXDrmjxTLCfRy5yEU9AQFUuEqCCgppYYR1bxdFz.png
Fiction,In my head,m1alsan,m1alsan_fiction_in-my-head,30,SWAP.HIVE,PHOTO,1,False,5,2021,3,0,QmX8ZdBtwXXEH55b99V51RknJgUvxd9YgnXQBzRsTXgkFM,./dataset/image/QmX8ZdBtwXXEH55b99V51RknJgUvxd9YgnXQBzRsTXgkFM.png
REKT,ANONYMOUS II ,rektdoteth,rektdoteth_rekt_anonymous-ii,40,SWAP.HIVE,PHOTO,0,False,1,2020,1,0,QmXEKBDYwLiFR3hiiczXnrFw5fb3umxJ7aXXyscEpriByB,./dataset/image/QmXEKBDYwLiFR3hiiczXnrFw5fb3umxJ7aXXyscEpriByB.png
Face Charts,Fantasy,ambarvegas,ambarvegas_face-charts_fantasy,17,SWAP.HIVE,PHOTO,0,False,3,2020,3,0,QmVaTz9eTgvVDMoKUfLFhYQVK1DCdZGy1iivnBRn8q4Z9r,./dataset/image/QmVaTz9eTgvVDMoKUfLFhYQVK1DCdZGy1iivnBRn8q4Z9r.png
BadArt,Surf's Up,whatsup,whatsup_badart_surfs-up,125,SWAP.HIVE,PHOTO,0,False,1,2018,3,0,QmUoso7yWcqtNgRhNCv1bYLZL5N4gjP5cwDdk3uSJoG6XM,./dataset/image/QmUoso7yWcqtNgRhNCv1bYLZL5N4gjP5cwDdk3uSJoG6XM.png
Flowers Collection,Flower of Sadness and Grief,jason04,jason04_flowers-collection_flower-of-sadness-and-grief,30,SWAP.HIVE,PHOTO,0,False,7,2020,1,0,QmWG7c9RvtQZ2R4FgpanWdwTmDt2mR5eHRyzoxQRSRgkr4,./dataset/image/QmWG7c9RvtQZ2R4FgpanWdwTmDt2mR5eHRyzoxQRSRgkr4.png
portscape landraït,naïturmort,aemile-kh,aemile-kh_portscape-landrait_naiturmort,100,SWAP.HIVE,PHOTO,0,False,3,2020,1,0,QmYHGR9evacrFXoco11Np6Bi2BdwBTmKnqLkaAgmiqHQaW,./dataset/image/QmYHGR9evacrFXoco11Np6Bi2BdwBTmKnqLkaAgmiqHQaW.png
In Psyd Out of Space ,Aliens Found my UFOs ! ,doodle.danga,doodle.danga_in-psyd-out-of-space_aliens-found-my-ufos-,36,SWAP.HIVE,PHOTO,2,False,6,2018,1,0,Qmbq3Hq8F86zUnyqHjg5nJija1HAvAfzQ9JnASZ78jNSTX,./dataset/image/Qmbq3Hq8F86zUnyqHjg5nJija1HAvAfzQ9JnASZ78jNSTX.png
NoArt,Ecce Punk,ftrsaroth,ftrsaroth_noart_ecce-punk,200,SWAP.HIVE,PHOTO,0,False,1,2021,3,0,QmapDRkc9ftLKvfBEFutDq2r39ATczU7GMStMXmXfz6p4t,./dataset/image/QmapDRkc9ftLKvfBEFutDq2r39ATczU7GMStMXmXfz6p4t.png
interspaces,vision,anafae,anafae_interspaces_vision,111,SWAP.HIVE,PHOTO,0,False,1,2020,1,0,QmNinrgbkSRfbXgqW8JW8nhHzCx6aVtPmiMqLXqSwgM2vr,./dataset/image/QmNinrgbkSRfbXgqW8JW8nhHzCx6aVtPmiMqLXqSwgM2vr.png
Alien Honey INC.,Church of the Undead,juliakponsford,juliakponsford_alien-honey-inc_church-of-the-undead,2000,SWAP.HIVE,PHOTO,0,False,1,2020,1,0,QmQgQzX4D6suf61RvUQAzfPwmaBdCUoZwNoR9VsjcZDttt,./dataset/image/QmQgQzX4D6suf61RvUQAzfPwmaBdCUoZwNoR9VsjcZDttt.png
Alien Collage,The Symbol Eyez ,juliakponsford,juliakponsford_alien-collage_the-symbol-eyez,250,SWAP.HIVE,PHOTO,5,False,1,2021,1,0,QmeavRckX92zotWr4nJ4GNhfxNDwkz3PZCtviNjc8W2LKw,./dataset/image/QmeavRckX92zotWr4nJ4GNhfxNDwkz3PZCtviNjc8W2LKw.png
Digital Paintings,Stalker,stare1717,stare1717_digital-paintings_stalker,150,SWAP.HIVE,PHOTO,0,False,3,2021,1,0,QmYNtvSVrm7qxekVjLm4TdVA3BSQcBtDVb7grnWqyjhTnL,./dataset/image/QmYNtvSVrm7qxekVjLm4TdVA3BSQcBtDVb7grnWqyjhTnL.png
Digital illustration,Nocturnal nature,brunonacif,brunonacif_digital-illustration_nocturnal-nature,120,SWAP.HIVE,PHOTO,0,False,8,2020,3,0,QmXxEbDA3Hy9AwDcaDDLp7yGVvmMfWmYmyeYb7nKCCsVbV,./dataset/image/QmXxEbDA3Hy9AwDcaDDLp7yGVvmMfWmYmyeYb7nKCCsVbV.png
The Capybaras Revolution,Bushidō ,franzzonline,franzzonline_the-capybaras-revolution_bushid,30,SWAP.HIVE,PHOTO,1,False,4,2020,3,0,QmTAcp1CcMj7XqfLFAw7kJb5kKYPWErYKyE6AmG2ch3fHZ,./dataset/image/QmTAcp1CcMj7XqfLFAw7kJb5kKYPWErYKyE6AmG2ch3fHZ.png
Trash for Life (In the Haunted Honeycomb),"Fear in the Lawn by Richard F. Yates (HF)""",richardfyates,richardfyates_trash-for-life-in-the-haunted-honeycomb_fear-in-the-lawn-by-richard-f-yates-hf,50,SWAP.HIVE,PHOTO,0,False,1,2020,1,0,QmXrR3UnEBMYEVvW7ezm2G7VVZVjumsESNtFSPv2mpiswF,./dataset/image/QmXrR3UnEBMYEVvW7ezm2G7VVZVjumsESNtFSPv2mpiswF.png
Forest road,The road to nowhere,small1axe,small1axe_forest-road_the-road-to-nowhere,10,SWAP.HIVE,PHOTO,0,False,6,2020,1,0,QmfCYypM4qSRqMu42QU9idTWTiGjNc7TSRFAHTQ4n1Jm9u,./dataset/image/QmfCYypM4qSRqMu42QU9idTWTiGjNc7TSRFAHTQ4n1Jm9u.png
collaborationland,Parasiamese Aliens (A Yatesy Collab),clayboyn,clayboyn_collaborationland_parasiamese-aliens-a-yatesy-collab,23,SWAP.HIVE,PHOTO,2,False,5,2020,1,0,QmSrYb5xthnismxWazgaSazuX5hkMSsn3vaaHvpbhU5SVH,./dataset/image/QmSrYb5xthnismxWazgaSazuX5hkMSsn3vaaHvpbhU5SVH.png
Printable NFT,The Scream Cat,doze,doze_printable-nft_the-scream-cat,200,SWAP.HIVE,PHOTO,2,False,2,2020,1,0,QmTcdkuDW4FnaunyfXewsWxLQcYBAyvJMswtC47RKfxR63,./dataset/image/QmTcdkuDW4FnaunyfXewsWxLQcYBAyvJMswtC47RKfxR63.png
FEATURED GALLERY,HOLLOWED OUT,forlenza,forlenza_featured-gallery_hollowed-out,120,SWAP.HIVE,PHOTO,1,False,3,2021,1,0,QmceC4WsMjEFod2qnnfojcBnQTgnX2iDWW7QpQq1eY9gYW,./dataset/image/QmceC4WsMjEFod2qnnfojcBnQTgnX2iDWW7QpQq1eY9gYW.png
A. Lure,A. Lure Mandala,blakestorieart,blakestorieart_a-lure_a-lure-mandala,22,SWAP.HIVE,PHOTO,0,False,3,2020,3,0,QmVWTYB2NkgxSzQFAMTbkkgTdTjuwEfL8adDW1xHhpuN1n,./dataset/image/QmVWTYB2NkgxSzQFAMTbkkgTdTjuwEfL8adDW1xHhpuN1n.png
Black and White NFTs,Elf Mermaid,grisvisa,grisvisa_black-and-white-nfts_elf-mermaid,10,SWAP.HIVE,PHOTO,0,False,2,2020,1,0,QmXgrCTGcq5FczpVwdN2ohh32VxKNrCsm6x57nwBTgM4jz,./dataset/image/QmXgrCTGcq5FczpVwdN2ohh32VxKNrCsm6x57nwBTgM4jz.png
Printable NFT,Bitcoin Stereogram II,doze,doze_printable-nft_bitcoin-stereogram-ii,200,SWAP.HIVE,PHOTO,0,False,1,2021,1,0,QmUCwcZfx6pAaFRhSBGXCE7twsrff6kJmAPtNowMWmPX2S,./dataset/image/QmUCwcZfx6pAaFRhSBGXCE7twsrff6kJmAPtNowMWmPX2S.png
REKT,Pixel Bull,rektdoteth,rektdoteth_rekt_pixel-bull,40,SWAP.HIVE,PHOTO,0,False,1,2020,1,0,QmXvJc4CDQGsSxVCGvK6WzSF5RqfK3kpaxPfog3RttWhT3,./dataset/image/QmXvJc4CDQGsSxVCGvK6WzSF5RqfK3kpaxPfog3RttWhT3.png
Spellcasting,here,justatouchfey,justatouchfey_spellcasting_here,90,SWAP.HIVE,PHOTO,0,False,10,2020,1,0,QmQ9vCW6wSvm83CAqPdXV6Dfntu2fk3nBQhyoiq35GNufg,./dataset/image/QmQ9vCW6wSvm83CAqPdXV6Dfntu2fk3nBQhyoiq35GNufg.png
Mixed media,Aliviadora de dolores arraigados,barbarabezina,barbarabezina_mixed-media_aliviadora-de-dolores-arraigados,200,SWAP.HIVE,PHOTO,0,False,3,2020,1,0,QmeWCp53DhzJL5ZfWFzaa7pSiMqg2Mwogu2X1j4eFMP9iJ,./dataset/image/QmeWCp53DhzJL5ZfWFzaa7pSiMqg2Mwogu2X1j4eFMP9iJ.png
Motion,Motion,andriusvand,andriusvand_motion_motion,95,SWAP.HIVE,PHOTO,0,False,3,2018,3,0,QmP4KvhHBPoWoEDzWyeArmuHTv6NSqcPcffqUMVmzFJjEq,./dataset/image/QmP4KvhHBPoWoEDzWyeArmuHTv6NSqcPcffqUMVmzFJjEq.png
Dark art,Behind the light.,alexa.art,alexa.art_dark-art_behind-the-light,50,SWAP.HIVE,PHOTO,0,False,2,2020,3,0,QmWvVPxqC8oryYGkAHooUuCPFFPnhQGD1iZUABSPKNzvfW,./dataset/image/QmWvVPxqC8oryYGkAHooUuCPFFPnhQGD1iZUABSPKNzvfW.png
Color Art,Blindness,cryptosimplify,cryptosimplify_color-art_blindness,100,SWAP.HIVE,PHOTO,0,False,1,2020,1,0,QmQoW2mL3CQRaMCB2F6sn9QhZSR3nDyLu8SbAPEpCS9fhJ,./dataset/image/QmQoW2mL3CQRaMCB2F6sn9QhZSR3nDyLu8SbAPEpCS9fhJ.png
skyscapes,skyscapes: 36,secondrealm,secondrealm_skyscapes_skyscapes-36,175,SWAP.HIVE,PHOTO,0,False,1,2020,1,0,QmdvRpwx2FCzVBmU1bQfG4dC3oXzJ16KBzEPs5eTJf6BJj,./dataset/image/QmdvRpwx2FCzVBmU1bQfG4dC3oXzJ16KBzEPs5eTJf6BJj.png
Glitch,Digital Brush Strokes.,a1-shroom-spores,a1-shroom-spores_glitch_digital-brush-strokes,58,SWAP.HIVE,PHOTO,0,False,5,2020,1,0,Qmdb4tYo6xFYLDQ37KDZcge467oef7GuEs8UF2e5rvZnL7,./dataset/image/Qmdb4tYo6xFYLDQ37KDZcge467oef7GuEs8UF2e5rvZnL7.png
Hearts,Exploded Heart,deeanndmathews,deeanndmathews_hearts_exploded-heart,75,SWAP.HIVE,PHOTO,0,False,10,2020,3,0,QmcSnNHo488wbdzkWdLf25sha9Jj5tAuz1XF9g2fFx3C8w,./dataset/image/QmcSnNHo488wbdzkWdLf25sha9Jj5tAuz1XF9g2fFx3C8w.png
Trash for Life (In the Haunted Honeycomb),"White Devil Cat by RFY (HF)""",richardfyates,richardfyates_trash-for-life-in-the-haunted-honeycomb_white-devil-cat-by-rfy-hf,17,SWAP.HIVE,PHOTO,0,False,5,2020,1,0,QmYbtaLuGtePg3LdDdPFk8Rx5TNvv6DEXpiowPu2ohKu4D,./dataset/image/QmYbtaLuGtePg3LdDdPFk8Rx5TNvv6DEXpiowPu2ohKu4D.png
MainFrame,Sight,tntdabomb,tntdabomb_mainframe_sight,100,SWAP.HIVE,PHOTO,0,False,8,2020,3,0,QmaVotBMs8gz3SwSadgx9kyWXNmiCHWecEYEjui4AjiHYN,./dataset/image/QmaVotBMs8gz3SwSadgx9kyWXNmiCHWecEYEjui4AjiHYN.png
The Beginning,"MORTE ☠️""",gatolector,gatolector_the-beginning_morte-,39,SWAP.HIVE,PHOTO,0,False,5,2019,3,0,QmfJr9arPPXNv5PdvPpNcV71DG52mqAaJyE9QFkvDxg4ER,./dataset/image/QmfJr9arPPXNv5PdvPpNcV71DG52mqAaJyE9QFkvDxg4ER.png
Faces,Professor,mikiad.visuals,mikiad.visuals_faces_professor,2000,SWAP.HIVE,PHOTO,1,False,1,2020,1,0,Qmezq5UPr1we1LxfkF7z6N5cJ3seD7r7XtfJrXxckxF8Sq,./dataset/image/Qmezq5UPr1we1LxfkF7z6N5cJ3seD7r7XtfJrXxckxF8Sq.png
draw,Friends 1,allbi,allbi_draw_friends-1,200,SWAP.HIVE,PHOTO,1,False,5,2020,1,0,QmXX33J4FrYTqz56F5Ng1MP6H15cN8g4LTG57N1qvDNWKn,./dataset/image/QmXX33J4FrYTqz56F5Ng1MP6H15cN8g4LTG57N1qvDNWKn.png
Drawings,Blue hair,ambarvegas,ambarvegas_drawings_blue-hair,15,SWAP.HIVE,PHOTO,0,False,3,2020,1,0,QmSehKBwyw7sPz2tgz6HL82AuDFsjKdUEhs1PAf5A7GoDL,./dataset/image/QmSehKBwyw7sPz2tgz6HL82AuDFsjKdUEhs1PAf5A7GoDL.png
The beauty,Dreams.,alexa.art,alexa.art_the-beauty_dreams,400,SWAP.HIVE,PHOTO,0,True,1,2020,1,0,Qmeg1P3F8ePAYAVasUjreMDdiUrWfTWWKBZ1nSR98KsV5f,./dataset/image/Qmeg1P3F8ePAYAVasUjreMDdiUrWfTWWKBZ1nSR98KsV5f.png
Faces,Frank Stein (ŁØ$t Øℵ€),mikiad.visuals,mikiad.visuals_faces_frank-stein-t-,2000,SWAP.HIVE,PHOTO,1,False,1,2020,1,0,QmULjyUxjD4FSpipJ2EtbGuyT6REjoKqMYbGpU7qp6cjNs,./dataset/image/QmULjyUxjD4FSpipJ2EtbGuyT6REjoKqMYbGpU7qp6cjNs.png
Trash for Life (In the Haunted Honeycomb),"Nothing To See Here 002 by RFY (HF)""",richardfyates,richardfyates_trash-for-life-in-the-haunted-honeycomb_nothing-to-see-here-002-by-rfy-hf,13,SWAP.HIVE,PHOTO,0,False,13,2020,1,0,QmUtEN6wgZD8CqNFg8w6hPJ19J85fbYbd3pRGDiS1v2MaG,./dataset/image/QmUtEN6wgZD8CqNFg8w6hPJ19J85fbYbd3pRGDiS1v2MaG.png
Distant Absence,Red Hat,despero-narciso,despero-narciso_distant-absence_red-hat,899,SWAP.HIVE,PHOTO,1,False,5,2018,1,0,QmVNbrh3ND3chFNgX87gEdFxkmB6Nco9kwsY19RoFMTuqw,./dataset/image/QmVNbrh3ND3chFNgX87gEdFxkmB6Nco9kwsY19RoFMTuqw.png
"JUMP,SOUND-AND-FLY","JUMP,SOUND-AND-FLY",ykroys,ykroys_jump-sound-and-fly_jump-sound-and-fly,25,SWAP.HIVE,PHOTO,0,False,2,2020,3,0,QmckLU2LWNhY5EZSFn6LajMhzyQ1UWaGkEd5rLbT5zESRX,./dataset/image/QmckLU2LWNhY5EZSFn6LajMhzyQ1UWaGkEd5rLbT5zESRX.png
Digital Fine Art,A Glitch Art,thisgiddyfuture,thisgiddyfuture_digital-fine-art_a-glitch-art,420,SWAP.HIVE,PHOTO,0,False,30,2020,3,0,QmbvYXRjmdxA64MtX9GBJZbJKuhK27rpTavasxqa28ZCCx,./dataset/image/QmbvYXRjmdxA64MtX9GBJZbJKuhK27rpTavasxqa28ZCCx.png
HIVE,HIVE 5 PACK,rubenalexander,rubenalexander_hive_hive-5-pack,50,SWAP.HIVE,PHOTO,0,False,5,2020,3,0,QmP9UqNmYt8UXWNK8o62hS1iBEQswUKnZYKqLKVqdXpjaE,./dataset/image/QmP9UqNmYt8UXWNK8o62hS1iBEQswUKnZYKqLKVqdXpjaE.png
FIRST LIGHT ,where is my money,prokopevone,prokopevone_first-light_where-is-my-money,255,SWAP.HIVE,PHOTO,0,False,1,2020,3,0,QmYDHQK1Jiyr9HMmeyamMqJttCQud675tYKrA7GrCZvcDK,./dataset/image/QmYDHQK1Jiyr9HMmeyamMqJttCQud675tYKrA7GrCZvcDK.png
Backgrounds,Pretty little birds! ,poeticsnake,poeticsnake_backgrounds_pretty-little-birds,25,SWAP.HIVE,PHOTO,0,False,5,2020,1,0,QmSxqb2H4jZfzVFpDez7Nskz8fMXQ8fRAFpmUsV1KkUYr2,./dataset/image/QmSxqb2H4jZfzVFpDez7Nskz8fMXQ8fRAFpmUsV1KkUYr2.png
The beauty,The leather girl.,alexa.art,alexa.art_the-beauty_the-leather-girl,35,SWAP.HIVE,PHOTO,0,False,2,2020,1,0,QmNoMr5Ymqz6JquTAW4En8FNBzeoU9RrH3ZV6ZyJDCWtQb,./dataset/image/QmNoMr5Ymqz6JquTAW4En8FNBzeoU9RrH3ZV6ZyJDCWtQb.png
Kaleidoscopes,4/11,soundwavesphoton,soundwavesphoton_kaleidoscopes_4-11,22,SWAP.HIVE,PHOTO,0,False,1,2020,3,0,QmTkdD31g9x9PDEinQNzKNv2mZzbvZW4XXcegFKTrZ5iZe,./dataset/image/QmTkdD31g9x9PDEinQNzKNv2mZzbvZW4XXcegFKTrZ5iZe.png
Hades,Persephone the Psyche of man .,small1axe,small1axe_hades_persephone-the-psyche-of-man-,10,SWAP.HIVE,PHOTO,0,False,6,2020,1,0,QmYs9ufdjpcZKH4Sr3rYdmf8SuoCebRKNMhnRGUz1uhVR9,./dataset/image/QmYs9ufdjpcZKH4Sr3rYdmf8SuoCebRKNMhnRGUz1uhVR9.png
A state of mind,Hustle Hard,thatsweeneyguy,thatsweeneyguy_a-state-of-mind_hustle-hard,5,SWAP.HIVE,PHOTO,0,False,20,2020,1,0,QmWNjWgjCGLmrhg1LuaG6LWYF7af8V2FbBVVz3tCnWW78F,./dataset/image/QmWNjWgjCGLmrhg1LuaG6LWYF7af8V2FbBVVz3tCnWW78F.png
Newbie Necromancy,Dream Time,rubenalexander,rubenalexander_newbie-necromancy_dream-time,500,SWAP.HIVE,PHOTO,0,False,3,2020,1,0,QmTuqhjUAwtAxNr66Dd7vTMYhD1z4WKAkD54qyfdTyuSrd,./dataset/image/QmTuqhjUAwtAxNr66Dd7vTMYhD1z4WKAkD54qyfdTyuSrd.png
Artifice & Insight,Alex,daimalyad,daimalyad_artifice-insight_alex,50,SWAP.HIVE,PHOTO,0,False,3,2020,1,0,QmenSgCwhwSVZ2y7o5bZbRpjeiXpPTZ8ToBv6EVJUYakh6,./dataset/image/QmenSgCwhwSVZ2y7o5bZbRpjeiXpPTZ8ToBv6EVJUYakh6.png
Trash for Life (In the Haunted Honeycomb),"Blub? by Richard F. Yates (Holy Fool)""",richardfyates,richardfyates_trash-for-life-in-the-haunted-honeycomb_blub-by-richard-f-yates-holy-fool,23,SWAP.HIVE,PHOTO,1,False,3,2020,1,0,QmPweWZ1wjsQjmkPujv5YPZQ5qiwWi5jvuJVwNn1rjQAEf,./dataset/image/QmPweWZ1wjsQjmkPujv5YPZQ5qiwWi5jvuJVwNn1rjQAEf.png
Rafael Michelena (NFTBOX), Glances of secrets,difelice5000,difelice5000_rafael-michelena-nftbox_glances-of-secrets,160,SWAP.HIVE,PHOTO,0,False,1,2020,1,0,QmdKfF6ibzUUr2HCvDZtMxct4XywTXYE9y4dh4ufgBLWCE,./dataset/image/QmdKfF6ibzUUr2HCvDZtMxct4XywTXYE9y4dh4ufgBLWCE.png
Fractal Glassine Marbles,Marble 4 ,deeanndmathews,deeanndmathews_fractal-glassine-marbles_marble-4,200,SWAP.HIVE,PHOTO,0,False,1,2020,3,0,Qmed2D91PEZVaPDhpAAxDZ8ELgPnK1xZ5Pro2n8JTsYunK,./dataset/image/Qmed2D91PEZVaPDhpAAxDZ8ELgPnK1xZ5Pro2n8JTsYunK.png
Extraterrestrial Doppelgängers,Taisni,isaria,isaria_extraterrestrial-doppelgangers_taisni,30,SWAP.HIVE,PHOTO,0,False,5,2020,3,0,QmW1JBkLvkwf78fkNAY38NzmNYe2sKxTkVvBF3KyPF3PfS,./dataset/image/QmW1JBkLvkwf78fkNAY38NzmNYe2sKxTkVvBF3KyPF3PfS.png
Fractal Glassine Marbles,Marble 5,deeanndmathews,deeanndmathews_fractal-glassine-marbles_marble-5,200,SWAP.HIVE,PHOTO,0,False,1,2020,3,0,QmVLpVdVNsYZgk657mk79cAv7aDj3YFoxVkF6TYdM12AgY,./dataset/image/QmVLpVdVNsYZgk657mk79cAv7aDj3YFoxVkF6TYdM12AgY.png
Extraterrestrial Doppelgängers,Taisni,isaria,isaria_extraterrestrial-doppelgangers_taisni,30,SWAP.HIVE,PHOTO,0,False,5,2020,3,0,QmW1JBkLvkwf78fkNAY38NzmNYe2sKxTkVvBF3KyPF3PfS,./dataset/image/QmW1JBkLvkwf78fkNAY38NzmNYe2sKxTkVvBF3KyPF3PfS.png
Fractal Glassine Marbles,Marble 5,deeanndmathews,deeanndmathews_fractal-glassine-marbles_marble-5,200,SWAP.HIVE,PHOTO,0,False,1,2020,3,0,QmVLpVdVNsYZgk657mk79cAv7aDj3YFoxVkF6TYdM12AgY,./dataset/image/QmVLpVdVNsYZgk657mk79cAv7aDj3YFoxVkF6TYdM12AgY.png
Artifice & Insight,Hema the Red,daimalyad,daimalyad_artifice-insight_hema-the-red,90,SWAP.HIVE,PHOTO,0,False,2,2020,1,0,QmU8uDugbHPHvwFZ2Eo3LCwkF9vgmEamHRVu1SJJHEPryP,./dataset/image/QmU8uDugbHPHvwFZ2Eo3LCwkF9vgmEamHRVu1SJJHEPryP.png
